{
    "custom": {
        "browzwear": {
            "bend": {
                "length": 355.1099853515625,
                "width": 176.7899932861328
            },
            "category": "Knits",
            "company": "Knits",
            "enable_physics_properties": true,
            "friction": 0.20000000298023225,
            "hysteresis": {
                "length": 0.0,
                "width": 0.0
            },
            "mass": 304.0,
            "name": "Fleece 304g",
            "puffy": {
                "active": false,
                "firmness": 1000.0
            },
            "shear": 56.56999969482422,
            "shear_linearity": 27.8700008392334,
            "shrink": {
                "length": 0.0,
                "width": 0.0
            },
            "stretch": {
                "length": 218.9600067138672,
                "width": 121.55000305175781
            },
            "stretch_linearity": {
                "length": 15.859999656677246,
                "width": 23.739999771118165
            },
            "thickness": 2.359999895095825
        }
    },
    "raw_data": null,
    "schema": "1.1"
}